{ "_id" : { "$oid" : "662a614f3ca03c43e04f071a" }, "parent" : null, "name" : "طراحی وب", "createdAt" : { "$date" : "2024-04-25T13:57:35.483+0000" }, "updatedAt" : { "$date" : "2024-05-02T13:39:33.502+0000" }, "__v" : 0, "slug" : "طراحی-وب" }
{ "_id" : { "$oid" : "662a640d3ca03c43e04f0723" }, "parent" : { "$oid" : "662a614f3ca03c43e04f071a" }, "name" : "آموزش CSS 3", "createdAt" : { "$date" : "2024-04-25T14:09:17.673+0000" }, "updatedAt" : { "$date" : "2024-05-02T13:39:30.523+0000" }, "__v" : 0, "slug" : "آموزش-CSS-3" }
{ "_id" : { "$oid" : "662a67e5322ffb0c8cb534ff" }, "parent" : null, "name" : "آموزش PHP", "createdAt" : { "$date" : "2024-04-25T14:25:41.032+0000" }, "updatedAt" : { "$date" : "2024-05-02T13:38:58.254+0000" }, "__v" : 0, "slug" : "آموزش-PHP" }
{ "_id" : { "$oid" : "662b06e3eb331845c000765f" }, "parent" : { "$oid" : "662a67e5322ffb0c8cb534ff" }, "name" : "آموزش لاراول", "createdAt" : { "$date" : "2024-04-26T01:44:03.638+0000" }, "updatedAt" : { "$date" : "2024-05-02T13:39:26.570+0000" }, "__v" : 0, "slug" : "آموزش-لاراول" }
{ "_id" : { "$oid" : "663397b2f4967f3028f94c72" }, "parent" : null, "name" : "جاوااسکریپت", "slug" : "جاوااسکریپت", "createdAt" : { "$date" : "2024-05-02T13:40:02.957+0000" }, "updatedAt" : { "$date" : "2024-05-02T13:40:02.957+0000" }, "__v" : 0 }
