{ "_id" : { "$oid" : "660cef00c62e8d34c485e3eb" }, "parent" : null, "approved" : true, "user" : { "$oid" : "65a14b7ae7864c3e8c8d855d" }, "course" : { "$oid" : "65f56d9a2169ee3b5457c4c5" }, "body" : "دوره مناسبی بود دمت گرم", "createdAt" : { "$date" : "2024-04-03T05:54:08.544+0000" }, "updatedAt" : { "$date" : "2024-04-05T00:18:41.644+0000" }, "__v" : 0 }
{ "_id" : { "$oid" : "660f439d620ced2a5c18de15" }, "parent" : null, "approved" : true, "user" : { "$oid" : "65a14b7ae7864c3e8c8d855d" }, "course" : { "$oid" : "65f56d9a2169ee3b5457c4c5" }, "body" : "نظر جدید جلسه", "createdAt" : { "$date" : "2024-04-05T00:19:41.820+0000" }, "updatedAt" : { "$date" : "2024-04-05T00:19:47.989+0000" }, "__v" : 0 }
{ "_id" : { "$oid" : "660f43cc620ced2a5c18de51" }, "parent" : { "$oid" : "660cef00c62e8d34c485e3eb" }, "approved" : true, "user" : { "$oid" : "65a14b7ae7864c3e8c8d855d" }, "course" : { "$oid" : "65f56d9a2169ee3b5457c4c5" }, "body" : "دوره خوبی بود", "createdAt" : { "$date" : "2024-04-05T00:20:28.391+0000" }, "updatedAt" : { "$date" : "2024-04-05T00:20:38.406+0000" }, "__v" : 0 }
{ "_id" : { "$oid" : "66157e9e5a9cde37ac3feaf2" }, "parent" : null, "approved" : true, "user" : { "$oid" : "65a14b7ae7864c3e8c8d855d" }, "body" : "دوره واقعا عالی بود", "createdAt" : { "$date" : "2024-04-09T17:45:02.504+0000" }, "updatedAt" : { "$date" : "2024-04-10T08:49:35.392+0000" }, "__v" : 0, "course" : { "$oid" : "65f56d9a2169ee3b5457c4c5" } }
