{ "_id" : { "$oid" : "65f30834588fc80f509d65b1" }, "time" : "00:00:00", "viewCount" : 29, "commentCount" : 0, "user" : { "$oid" : "65a14b7ae7864c3e8c8d855d" }, "title" : "آموزش پروژه محور laravel", "slug" : "آموزش-پروژه-محور-laravel", "body" : "<p>آموزش پروژه محور لاراول 8</p>\r\n", "type" : "cash", "price" : "20000", "images" : { "480" : "/uploads/images/2024/3/14/cms-laravel-cover-2-480.jpg", "720" : "/uploads/images/2024/3/14/cms-laravel-cover-2-720.jpg", "1080" : "/uploads/images/2024/3/14/cms-laravel-cover-2-1080.jpg", "original" : "/uploads/images/2024/3/14/cms-laravel-cover-2.jpg" }, "thumb" : "/uploads/images/2024/3/14/cms-laravel-cover-2-480.jpg", "tags" : "لاراول", "createdAt" : { "$date" : "2024-03-14T14:22:44.626+0000" }, "updatedAt" : { "$date" : "2024-05-14T01:36:53.774+0000" }, "__v" : 0, "categories" : [ { "$oid" : "662a67e5322ffb0c8cb534ff" }, { "$oid" : "662b06e3eb331845c000765f" } ], "lang" : "fa" }
{ "_id" : { "$oid" : "65f30853588fc80f509d65b9" }, "viewCount" : 38, "commentCount" : 0, "user" : { "$oid" : "65a14b7ae7864c3e8c8d855d" }, "title" : "آموزش پروژه محور VueJS", "slug" : "آموزش-پروژه-محور-VueJS", "body" : "<p>آموزش پروژه محور ویو جی اس</p>\r\n", "type" : "cash", "price" : "40000", "images" : { "480" : "/uploads/images/2024/3/14/cover-480.jpg", "720" : "/uploads/images/2024/3/14/cover-720.jpg", "1080" : "/uploads/images/2024/3/14/cover-1080.jpg", "original" : "/uploads/images/2024/3/14/cover.jpg" }, "thumb" : "/uploads/images/2024/3/14/cover-480.jpg", "tags" : "Vue", "createdAt" : { "$date" : "2024-03-14T14:23:15.805+0000" }, "updatedAt" : { "$date" : "2024-05-13T21:04:22.680+0000" }, "__v" : 0, "time" : "01:20:13", "categories" : [ { "$oid" : "662a614f3ca03c43e04f071a" } ], "lang" : "fa" }
{ "_id" : { "$oid" : "65f56d9a2169ee3b5457c4c5" }, "time" : "01:10:00", "viewCount" : 59, "commentCount" : 1, "user" : { "$oid" : "65a14b7ae7864c3e8c8d855d" }, "title" : "آموزش پروژه محور bootstrap 4", "slug" : "آموزش-پروژه-محور-bootstrap-4", "body" : "<p>آموزش پروژه محور بوت استرپ 4</p>\r\n", "type" : "vip", "price" : "0", "images" : { "480" : "/uploads/images/2024/3/16/bootstrap-480.jpg", "720" : "/uploads/images/2024/3/16/bootstrap-720.jpg", "1080" : "/uploads/images/2024/3/16/bootstrap-1080.jpg", "original" : "/uploads/images/2024/3/16/bootstrap.jpg" }, "thumb" : "/uploads/images/2024/3/16/bootstrap-480.jpg", "tags" : "Bootstrap", "createdAt" : { "$date" : "2024-03-16T09:59:54.211+0000" }, "updatedAt" : { "$date" : "2024-05-17T08:05:54.933+0000" }, "__v" : 0, "categories" : [ { "$oid" : "662a614f3ca03c43e04f071a" }, { "$oid" : "662a640d3ca03c43e04f0723" } ], "lang" : "fa" }
{ "_id" : { "$oid" : "660703bbaf726218b0997cfb" }, "time" : "00:00:00", "viewCount" : 5, "commentCount" : 0, "user" : { "$oid" : "65a14b7ae7864c3e8c8d855d" }, "title" : "آموزش ایجاد وب سایت PWA یا Progressive Web Apps", "slug" : "آموزش-ایجاد-وب-سایت-PWA-یا-Progressive-Web-Apps", "body" : "<p>لورم ایپسوم متن ساختگی با تولید سادگی نامفهوم از صنعت چاپ و با استفاده از طراحان گرافیک است. چاپگرها و متون بلکه روزنامه و مجله در ستون و سطر آنچنان که لازم است و برای شرایط فعلی تکنولوژی مورد نیاز و کاربردهای متنوع با هدف بهبود ابزارهای کاربردی می باشد. کتابهای زیادی در شصت و سه درصد گذشته، حال و آینده شناخت فراوان جامعه و متخصصان را می طلبد تا با نرم افزارها شناخت بیشتری را برای طراحان رایانه ای علی الخصوص طراحان خلاقی و فرهنگ پیشرو در زبان فارسی ایجاد کرد.</p>\r\n", "type" : "vip", "price" : "0", "images" : { "480" : "/uploads/images/2024/3/29/pwa-480.jpg", "720" : "/uploads/images/2024/3/29/pwa-720.jpg", "1080" : "/uploads/images/2024/3/29/pwa-1080.jpg", "original" : "/uploads/images/2024/3/29/pwa.jpg" }, "thumb" : "/uploads/images/2024/3/29/pwa-480.jpg", "tags" : "PWA", "createdAt" : { "$date" : "2024-03-29T18:08:59.446+0000" }, "updatedAt" : { "$date" : "2024-05-13T20:26:50.530+0000" }, "__v" : 0, "categories" : [ { "$oid" : "662a614f3ca03c43e04f071a" } ], "lang" : "en" }
{ "_id" : { "$oid" : "663422b87b9ad02810564d61" }, "categories" : [ { "$oid" : "663397b2f4967f3028f94c72" } ], "time" : "00:00:00", "viewCount" : 12, "commentCount" : 0, "user" : { "$oid" : "65a14b7ae7864c3e8c8d855d" }, "title" : "آموزش جاوا اسکریپت", "slug" : "آموزش-جاوا-اسکریپت", "body" : "<p dir=\"rtl\">لورم ایپسوم متن ساختگی با تولید سادگی نامفهوم از صنعت چاپ و با استفاده از طراحان گرافیک است. چاپگرها و متون بلکه روزنامه و مجله در ستون و سطرآنچنان که لازم است و برای شرایط فعلی تکنولوژی مورد نیاز و کاربردهای متنوع با هدف بهبود ابزارهای کاربردی می باشد. کتابهای زیادی در شصت و سه درصد گذشته، حال و آینده شناخت فراوان جامعه و متخصصان را می طلبد تا با نرم افزارها شناخت بیشتری را برای طراحان رایانه ای علی الخصوص طراحان خلاقی و فرهنگ پیشرو در زبان فارسی ایجاد کرد.</p>\r\n\r\n<p dir=\"rtl\">&nbsp;</p>\r\n\r\n<p dir=\"rtl\" style=\"text-align:center\"><img alt=\"\" src=\"http://localhost:3000/uploads/images/2024/5/3/cinema.png\" style=\"height:144px; width:144px\" /></p>\r\n", "type" : "free", "price" : "0", "images" : { "480" : "/uploads/images/2024/5/3/javascirpt-cover-2-480.png", "720" : "/uploads/images/2024/5/3/javascirpt-cover-2-720.png", "1080" : "/uploads/images/2024/5/3/javascirpt-cover-2-1080.png", "original" : "/uploads/images/2024/5/3/javascirpt-cover-2.png" }, "thumb" : "/uploads/images/2024/5/3/javascirpt-cover-2-480.png", "tags" : "جاوااسکریپت", "createdAt" : { "$date" : "2024-05-02T23:33:12.570+0000" }, "updatedAt" : { "$date" : "2024-05-17T13:19:10.353+0000" }, "__v" : 0, "lang" : "en" }
