{ "_id" : { "$oid" : "660178cec80310470093c88f" }, "time" : "00:21:30", "downloadCount" : 2, "viewCount" : 0, "commentCount" : 1, "title" : "معرفی دوره", "course" : { "$oid" : "65f30853588fc80f509d65b9" }, "videoUrl" : "1403/01/30-cms-nodejs.mp4", "body" : "لورم ایپسوم متن ساختگی با تولید سادگی نامفهوم از صنعت چاپ، و با استفاده از طراحان گرافیک است، چاپگرها و متون بلکه روزنامه و مجله در ستون و سطرآنچنان که لازم است، و برای شرایط فعلی تکنولوژی مورد نیاز، و کاربردهای متنوع با هدف بهبود ابزارهای کاربردی می باشد، کتابهای زیادی در شصت و سه درصد گذشته حال و آینده، شناخت فراوان جامعه و متخصصان را می طلبد، تا با نرم افزارها شناخت بیشتری را برای طراحان رایانه ای علی الخصوص طراحان خلاقی، و فرهنگ پیشرو در زبان فارسی ایجاد کرد، در این صورت می توان امید داشت که تمام و دشواری موجود در ارائه راهکارها، و شرایط سخت تایپ به پایان رسد و زمان مورد نیاز شامل حروفچینی دستاوردهای اصلی، و جوابگوی سوالات پیوسته اهل دنیای موجود طراحی اساسا مورد استفاده قرار گیرد.", "type" : "free", "number" : 1, "createdAt" : { "$date" : "2024-03-25T13:14:54.390+0000" }, "updatedAt" : { "$date" : "2024-04-10T08:47:31.294+0000" }, "__v" : 0 }
{ "_id" : { "$oid" : "6608a5ad24f3153c6ca8f5a9" }, "time" : "58:43", "downloadCount" : 0, "viewCount" : 0, "commentCount" : 0, "title" : "آموزش Data Types", "course" : { "$oid" : "65f30853588fc80f509d65b9" }, "videoUrl" : "1403/01/30-cms-nodejs.mp4", "body" : "لورم ایپسوم متن ساختگی با تولید سادگی نامفهوم از صنعت چاپ و با استفاده از طراحان گرافیک است. چاپگرها و متون بلکه روزنامه و مجله در ستون و سطر آنچنان که لازم است و برای شرایط فعلی تکنولوژی مورد نیاز و کاربردهای متنوع با هدف بهبود ابزارهای کاربردی می باشد. کتابهای زیادی در شصت و سه درصد گذشته، حال و آینده شناخت فراوان جامعه و متخصصان را می طلبد تا با نرم افزارها شناخت بیشتری را برای طراحان رایانه ای علی الخصوص طراحان خلاقی و فرهنگ پیشرو در زبان فارسی ایجاد کرد.", "type" : "cash", "number" : 2, "createdAt" : { "$date" : "2024-03-30T23:52:13.336+0000" }, "updatedAt" : { "$date" : "2024-05-14T01:36:14.069+0000" }, "__v" : 0 }
{ "_id" : { "$oid" : "6642bfeece9e391d00706481" }, "time" : "00:30:00", "downloadCount" : 2, "viewCount" : 0, "commentCount" : 0, "title" : "قسمت اول دوره", "course" : { "$oid" : "65f56d9a2169ee3b5457c4c5" }, "videoUrl" : "1403/01/30-cms-nodejs.mp4", "body" : "توضیحات قسمت اول دوره بوت استرپ", "type" : "vip", "number" : 1, "createdAt" : { "$date" : "2024-05-14T01:35:42.535+0000" }, "updatedAt" : { "$date" : "2024-05-17T08:04:01.402+0000" }, "__v" : 0 }
{ "_id" : { "$oid" : "6642c076ce9e391d007064b6" }, "time" : "00:40:00", "downloadCount" : 0, "viewCount" : 0, "commentCount" : 0, "title" : "قسمت دوم دوره", "course" : { "$oid" : "65f56d9a2169ee3b5457c4c5" }, "videoUrl" : "1403/01/30-cms-nodejs.mp4", "body" : "توضیحات قسمت دوم دوره بوت استرپ", "type" : "free", "number" : 2, "createdAt" : { "$date" : "2024-05-14T01:37:58.352+0000" }, "updatedAt" : { "$date" : "2024-05-14T01:37:58.352+0000" }, "__v" : 0 }
