{ "_id" : { "$oid" : "65ddac16c50b1a32e8b0b60a" }, "use" : true, "email" : "soheil@gmail.com", "token" : "11a853c76346449555bf4278b097b205", "createdAt" : { "$date" : "2024-02-27T09:32:06.745+0000" }, "__v" : 0 }
{ "_id" : { "$oid" : "664724f159de1e325450d8dc" }, "use" : false, "email" : "soheil@gmail.com", "token" : "c364ad1e81d2c249a56e7519920a54b2", "createdAt" : { "$date" : "2024-05-17T09:35:45.906+0000" }, "__v" : 0 }
{ "_id" : { "$oid" : "66489e3155db8028900d0767" }, "use" : true, "email" : "soheil2@gmail.com", "token" : "5fc99403877f8d5ae40625198490ce8e", "createdAt" : { "$date" : "2024-05-18T12:25:21.447+0000" }, "__v" : 0 }
