{ "_id" : { "$oid" : "663c439d0daefa29d4a637af" }, "course" : { "$oid" : "65f30834588fc80f509d65b1" }, "vip" : false, "payed" : true, "user" : { "$oid" : "65a14b7ae7864c3e8c8d855d" }, "res_number" : "A00000000000000000000000000534110307", "price" : 20000, "createdAt" : { "$date" : "2024-05-09T03:31:41.527+0000" }, "updatedAt" : { "$date" : "2024-05-09T03:31:49.923+0000" }, "__v" : 0 }
{ "_id" : { "$oid" : "663d1a6bc777fd064cde5c08" }, "course" : { "$oid" : "65f30853588fc80f509d65b9" }, "vip" : false, "payed" : true, "user" : { "$oid" : "65a14b7ae7864c3e8c8d855d" }, "res_number" : "A00000000000000000000000000534351161", "price" : 40000, "createdAt" : { "$date" : "2024-05-09T18:48:11.983+0000" }, "updatedAt" : { "$date" : "2024-05-09T18:48:25.931+0000" }, "__v" : 0 }
{ "_id" : { "$oid" : "6642f69a33c2cb2054c7621a" }, "course" : null, "vip" : true, "payed" : true, "user" : { "$oid" : "65a14b7ae7864c3e8c8d855d" }, "res_number" : "A00000000000000000000000000535792016", "price" : 10000, "createdAt" : { "$date" : "2024-05-14T05:28:58.942+0000" }, "updatedAt" : { "$date" : "2024-05-14T05:29:16.565+0000" }, "__v" : 0 }
{ "_id" : { "$oid" : "6642f70133c2cb2054c76225" }, "course" : null, "vip" : true, "payed" : true, "user" : { "$oid" : "65a14b7ae7864c3e8c8d855d" }, "res_number" : "A00000000000000000000000000535792582", "price" : 90000, "createdAt" : { "$date" : "2024-05-14T05:30:41.254+0000" }, "updatedAt" : { "$date" : "2024-05-14T05:30:51.062+0000" }, "__v" : 0 }
