{ "_id" : { "$oid" : "663fd07e82a81f32a40e816d" }, "name" : "edit-courses", "label" : "ویرایش دوره", "createdAt" : { "$date" : "2024-05-11T20:09:34.454+0000" }, "updatedAt" : { "$date" : "2024-05-11T20:09:34.454+0000" }, "__v" : 0 }
{ "_id" : { "$oid" : "663fd28d82a81f32a40e8186" }, "name" : "show-courses", "label" : "مشاهده دوره ها", "createdAt" : { "$date" : "2024-05-11T20:18:21.423+0000" }, "updatedAt" : { "$date" : "2024-05-12T06:48:41.998+0000" }, "__v" : 0 }
{ "_id" : { "$oid" : "6640174192d06b29847e2457" }, "name" : "approved-comments", "label" : "تایید نظرات", "createdAt" : { "$date" : "2024-05-12T01:11:29.172+0000" }, "updatedAt" : { "$date" : "2024-05-12T01:11:29.172+0000" }, "__v" : 0 }
{ "_id" : { "$oid" : "66401bbb92d06b29847e245f" }, "name" : "delete-courses", "label" : "حذف دوره", "createdAt" : { "$date" : "2024-05-12T01:30:35.985+0000" }, "updatedAt" : { "$date" : "2024-05-12T09:39:27.421+0000" }, "__v" : 0 }
{ "_id" : { "$oid" : "66401be592d06b29847e2467" }, "name" : "store-course", "label" : "ایجاد دوره جدید", "createdAt" : { "$date" : "2024-05-12T01:31:17.261+0000" }, "updatedAt" : { "$date" : "2024-05-12T01:31:17.261+0000" }, "__v" : 0 }
{ "_id" : { "$oid" : "66408e841dce5252f43d824d" }, "name" : "show-approved-comments", "label" : "مشاهده نظرات تایید نشده", "createdAt" : { "$date" : "2024-05-12T09:40:20.576+0000" }, "updatedAt" : { "$date" : "2024-05-12T09:40:20.576+0000" }, "__v" : 0 }
{ "_id" : { "$oid" : "66408edfddd49537688cd05b" }, "name" : "show-comments", "label" : "مشاهده همه نظرات", "createdAt" : { "$date" : "2024-05-12T09:41:51.066+0000" }, "updatedAt" : { "$date" : "2024-05-12T09:41:51.066+0000" }, "__v" : 0 }
