{ "_id" : { "$oid" : "663fdf924570814cc805b99b" }, "permissions" : [ { "$oid" : "663fd07e82a81f32a40e816d" }, { "$oid" : "663fd28d82a81f32a40e8186" }, { "$oid" : "66408e841dce5252f43d824d" } ], "name" : "site-manager", "label" : "مدیر کل", "createdAt" : { "$date" : "2024-05-11T21:13:54.045+0000" }, "updatedAt" : { "$date" : "2024-05-12T09:42:36.251+0000" }, "__v" : 0 }
{ "_id" : { "$oid" : "663fedaa7f18722ce84eba89" }, "permissions" : [ { "$oid" : "663fd07e82a81f32a40e816d" }, { "$oid" : "663fd28d82a81f32a40e8186" } ], "name" : "teacher", "label" : "مدرس", "createdAt" : { "$date" : "2024-05-11T22:14:02.521+0000" }, "updatedAt" : { "$date" : "2024-05-11T22:14:02.521+0000" }, "__v" : 0 }
