{ "_id" : "gxfqVO4JdoR4chCYQIqzLg6owMOPgexF", "expires" : { "$date" : "2024-05-18T16:53:23.536+0000" }, "session" : "{\"cookie\":{\"originalMaxAge\":21579643,\"expires\":\"2024-05-18T16:53:23.536Z\",\"httpOnly\":true,\"path\":\"/\"},\"flash\":{}}" }
{ "_id" : "1MqO1Y_dp2jjCksUiozCFOhWHH1ruh-Z", "expires" : { "$date" : "2024-05-18T18:24:47.687+0000" }, "session" : "{\"cookie\":{\"originalMaxAge\":21443277,\"expires\":\"2024-05-18T18:24:47.687Z\",\"httpOnly\":true,\"path\":\"/\"},\"flash\":{}}" }
