{ "_id" : { "$oid" : "65a14b7ae7864c3e8c8d855d" }, "admin" : true, "name" : "سهیل صفایی", "email" : "soheil@gmail.com", "password" : "$2b$15$HjqynEe3cVwy0bGqZb7Ab.7Rqe8DKl0rTQrzINcaabJXaZafxW7TS", "learning" : [ { "$oid" : "65f30834588fc80f509d65b1" }, { "$oid" : "65f30853588fc80f509d65b9" } ], "createdAt" : { "$date" : "2024-01-12T14:23:54.013+0000" }, "updatedAt" : { "$date" : "2024-05-18T08:33:53.144+0000" }, "__v" : 5, "rememberToken" : "4fc7012b594c62b41eb80d37bada1935", "roles" : [ { "$oid" : "663fdf924570814cc805b99b" } ], "vipType" : "12month", "vipTime" : { "$date" : "2025-07-14T01:40:20.845+0000" }, "active" : true }
{ "_id" : { "$oid" : "663edb6c67a2c31ddc081a76" }, "admin" : false, "learning" : [  ], "rememberToken" : null, "name" : "علی محمدی", "email" : "alimohamadi@gmail.com", "password" : "$2b$15$HjqynEe3cVwy0bGqZb7Ab.7Rqe8DKl0rTQrzINcaabJXaZafxW7TS", "createdAt" : { "$date" : "2024-05-11T02:43:56.528+0000" }, "updatedAt" : { "$date" : "2024-05-11T02:43:56.528+0000" }, "__v" : 0, "vipType" : null, "vipTime" : { "$date" : "2024-05-14T01:40:20.845+0000" } }
{ "_id" : { "$oid" : "6642c15a68bb9920f47eaa82" }, "admin" : false, "learning" : [  ], "roles" : [  ], "rememberToken" : "month", "vipTime" : { "$date" : "2024-05-14T01:40:20.845+0000" }, "vipType" : null, "name" : "سعید محمدی", "email" : "saeed@gmail.com", "password" : "$2b$15$DFEZ4UPzrohUJ/xIugbwmushRfgDQZBgwiis4pSfLZu3HqBHo9/KG", "createdAt" : { "$date" : "2024-05-14T01:41:46.159+0000" }, "updatedAt" : { "$date" : "2024-05-14T01:41:46.159+0000" }, "__v" : 0 }
{ "_id" : { "$oid" : "66489d126639123ad8d23ffd" }, "active" : true, "admin" : false, "learning" : [  ], "roles" : [  ], "rememberToken" : "month", "vipTime" : { "$date" : "2024-05-18T12:19:09.810+0000" }, "vipType" : null, "name" : "سهیل جاسم", "email" : "soheil2@gmail.com", "password" : "$2b$08$3keEZ7j5.9N/HbCASYx/ruHmc/MnFxOpeb/T4Aj7A4bIPw1F2O9zC", "createdAt" : { "$date" : "2024-05-18T12:20:34.664+0000" }, "updatedAt" : { "$date" : "2024-05-18T12:26:59.116+0000" }, "__v" : 0 }
